Priority,Section,Deadline Date,Subject
1,BM105,11/28/2024,English,
2,BM202,11/29/2024,Mathematics,
3,CMR204,11/30/2024,English,
2,CMR207,12/01/2024,English,
3,BM105,12/02/2024,Filipino,
1,BM202,12/03/2024,TLE,
3,CMR204,12/04/2024,Social Studies,
3,CMR207,12/05/2024,Filipino,
3,BM105,12/06/2024,MAPEH,
2,BM202,12/07/2024,MAPEH,
2,CMR204,12/07/2024,CLCE,
2,CMR207,12/08/2024,TLE,
2,BM105,12/11/2024,English,
1,BM202,12/10/2024,Social Studies,
1,CMR204,12/11/2024,Mathematics,
1,BM105,12/25/2024,English,